Year,python,javascript,java,c#,android,reactjs,c++,flutter,r,html
2022,25.506985128436234,13.384407390716538,11.131140153222171,10.635421360973412,8.156827399729607,8.201892744479496,7.796304641730509,5.272645335736819,4.596665164488508,5.317710680486706
2023,25.906956892872383,13.060179257362355,9.773794280836533,10.200597524541188,8.706786171574905,7.8531796841656,7.76781903542467,5.5911224925309435,5.5911224925309435,5.548442168160478
2024,26.806953339432756,12.442817932296432,10.750228728270814,8.966148215919487,8.142726440988106,9.149130832570906,8.142726440988106,5.901189387008234,4.84903934126258,4.84903934126258
2025,25.948275862068964,13.275862068965516,10.732758620689657,9.612068965517242,8.75,7.801724137931035,7.370689655172413,5.862068965517241,5.474137931034482,5.172413793103448
