Year,python,javascript,java,c#,reactjs,android,c++,r,typescript,html
2022,27.06422018348624,17.889908256880734,8.433309809456599,8.574453069865914,10.021171489061398,4.869442484121383,4.940014114326042,6.21030345800988,5.434015525758645,6.563161609033169
2023,25.318829707426854,15.71642910727682,9.67741935483871,9.414853713428357,9.67741935483871,6.301575393848462,5.701425356339085,6.751687921980495,5.36384096024006,6.0765191297824455
2024,25.204301075268816,12.602150537634408,10.279569892473118,10.795698924731182,7.741935483870968,9.763440860215054,7.010752688172044,5.075268817204301,6.193548387096774,5.333333333333334
2025,26.23239436619718,12.323943661971832,11.31161971830986,9.991197183098592,8.846830985915492,7.834507042253522,7.834507042253522,5.325704225352112,5.28169014084507,5.017605633802817
